index,model,confidence,n_obs,n_breach,expected,rate_pct,target_pct,kupiec_p,chris_ind_p,chris_cc_p,dq_p,n11,pass_kupiec,pass_indep,pass_cc,pass_dq
SPX,GARCH-EVT,0.99,3169,39,31.7,1.231,1.0,0.2078,0.0949,0.1121,0.0125,2,True,True,True,False
SPX,GARCH-EVT,0.975,3169,84,79.2,2.651,2.5,0.5905,0.2699,0.4708,0.2183,4,True,True,True,True
SPX,GARCH-EVT,0.95,3169,144,158.5,4.544,5.0,0.2319,0.5637,0.4143,0.0181,8,True,True,True,False
SPX,GJR-skewt,0.99,3169,42,31.7,1.325,1.0,0.0796,0.1268,0.067,0.0053,2,True,True,True,False
SPX,GJR-skewt,0.975,3169,85,79.2,2.682,2.5,0.516,0.288,0.4605,0.2407,4,True,True,True,True
SPX,GJR-skewt,0.95,3169,154,158.5,4.86,5.0,0.7156,0.5719,0.7976,0.027,9,True,True,True,False
SPX,RealGARCH,0.99,3169,70,31.7,2.209,1.0,0.0,0.0228,0.0,0.0,5,False,False,False,False
SPX,RealGARCH,0.975,3169,131,79.2,4.134,2.5,0.0,0.4957,0.0,0.0,7,False,True,False,False
SPX,RealGARCH,0.95,3169,228,158.5,7.195,5.0,0.0,0.0319,0.0,0.0,25,False,False,False,False
SPX,QR-Full,0.99,2481,36,24.8,1.451,1.0,0.0344,0.3031,0.0628,0.0233,0,False,True,True,False
SPX,QR-Full,0.975,2481,71,62.0,2.862,2.5,0.2591,0.9811,0.5288,0.6014,2,True,True,True,True
SPX,QR-Full,0.95,2481,112,124.1,4.514,5.0,0.2594,0.6101,0.4649,0.5813,4,True,True,True,True
SPX,QR-Range,0.99,3169,48,31.7,1.515,1.0,0.0068,0.006,0.0006,0.0,4,False,False,False,False
SPX,QR-Range,0.975,3169,80,79.2,2.524,2.5,0.9298,0.0678,0.1879,0.104,5,True,True,True,True
SPX,QR-Range,0.95,3169,172,158.5,5.428,5.0,0.2757,0.8207,0.5381,0.056,10,True,True,True,True
NDX,GARCH-EVT,0.99,3243,49,32.4,1.511,1.0,0.0065,0.2173,0.0116,0.0,2,False,True,False,False
NDX,GARCH-EVT,0.975,3243,89,81.1,2.744,2.5,0.3801,0.3462,0.4365,0.0008,4,True,True,True,False
NDX,GARCH-EVT,0.95,3243,160,162.2,4.934,5.0,0.8622,0.7327,0.9292,0.1073,7,True,True,True,True
NDX,GJR-skewt,0.99,3243,49,32.4,1.511,1.0,0.0065,0.2173,0.0116,0.0,2,False,True,False,False
NDX,GJR-skewt,0.975,3243,89,81.1,2.744,2.5,0.3801,0.3462,0.4365,0.0008,4,True,True,True,False
NDX,GJR-skewt,0.95,3243,165,162.2,5.088,5.0,0.8189,0.6018,0.8502,0.0602,7,True,True,True,True
NDX,RealGARCH,0.99,3243,71,32.4,2.189,1.0,0.0,0.2912,0.0,0.0,3,False,True,False,False
NDX,RealGARCH,0.975,3243,136,81.1,4.194,2.5,0.0,0.8983,0.0,0.0,6,False,True,False,False
NDX,RealGARCH,0.95,3243,247,162.2,7.616,5.0,0.0,0.3107,0.0,0.0,23,False,True,False,False
NDX,QR-Full,0.99,2695,36,26.9,1.336,1.0,0.0956,0.5067,0.2001,0.0279,1,True,True,True,False
NDX,QR-Full,0.975,2695,74,67.4,2.746,2.5,0.4209,0.4108,0.5157,0.5258,1,True,True,True,True
NDX,QR-Full,0.95,2695,136,134.8,5.046,5.0,0.9122,0.2148,0.4604,0.6709,4,True,True,True,True
NDX,QR-Range,0.99,3243,44,32.4,1.357,1.0,0.0528,0.1452,0.0531,0.03,2,True,True,True,False
NDX,QR-Range,0.975,3243,82,81.1,2.529,2.5,0.9173,0.9577,0.9932,0.9492,2,True,True,True,True
NDX,QR-Range,0.95,3243,161,162.2,4.965,5.0,0.9261,0.234,0.4905,0.3676,5,True,True,True,True
UKX,GARCH-EVT,0.99,3258,41,32.6,1.258,1.0,0.1541,0.1095,0.1006,0.0241,2,True,True,True,False
UKX,GARCH-EVT,0.975,3258,84,81.5,2.578,2.5,0.7759,0.0067,0.0244,0.0036,7,True,False,False,False
UKX,GARCH-EVT,0.95,3258,145,162.9,4.451,5.0,0.1429,0.0,0.0,0.0001,19,True,False,False,False
UKX,GJR-skewt,0.99,3258,42,32.6,1.289,1.0,0.1123,0.1203,0.0848,0.0248,2,True,True,True,False
UKX,GJR-skewt,0.975,3258,83,81.5,2.548,2.5,0.8623,0.0059,0.0221,0.003,7,True,False,False,False
UKX,GJR-skewt,0.95,3258,145,162.9,4.451,5.0,0.1429,0.0001,0.0001,0.0005,18,True,False,False,False
UKX,RealGARCH,0.99,3258,55,32.6,1.688,1.0,0.0003,0.0152,0.0001,0.0,4,False,False,False,False
UKX,RealGARCH,0.975,3258,110,81.5,3.376,2.5,0.0023,0.0013,0.0001,0.0,11,False,False,False,False
UKX,RealGARCH,0.95,3258,188,162.9,5.77,5.0,0.0487,0.0,0.0,0.0,28,False,False,False,False
UKX,QR-Full,0.99,2718,41,27.2,1.508,1.0,0.0132,0.6508,0.0419,0.1007,1,False,True,False,True
UKX,QR-Full,0.975,2718,75,68.0,2.759,2.5,0.3941,0.2185,0.3263,0.1581,4,True,True,True,True
UKX,QR-Full,0.95,2718,137,135.9,5.04,5.0,0.923,0.0114,0.0405,0.0125,14,True,False,False,False
UKX,QR-Range,0.99,3179,41,31.8,1.29,1.0,0.1161,0.3005,0.1702,0.0083,0,True,True,True,False
UKX,QR-Range,0.975,3179,85,79.5,2.674,2.5,0.5348,0.2856,0.4663,0.0078,4,True,True,True,False
UKX,QR-Range,0.95,3179,169,159.0,5.316,5.0,0.418,0.0046,0.0129,0.0001,18,True,False,False,False
DAX,GARCH-EVT,0.99,2765,37,27.7,1.338,1.0,0.0893,0.522,0.1923,0.0623,1,True,True,True,True
DAX,GARCH-EVT,0.975,2765,72,69.1,2.604,2.5,0.7279,0.9264,0.9373,0.4472,2,True,True,True,True
DAX,GARCH-EVT,0.95,2765,125,138.2,4.521,5.0,0.2402,0.3279,0.3109,0.1154,8,True,True,True,True
DAX,GJR-skewt,0.99,2765,37,27.7,1.338,1.0,0.0893,0.522,0.1923,0.0624,1,True,True,True,True
DAX,GJR-skewt,0.975,2765,72,69.1,2.604,2.5,0.7279,0.9264,0.9373,0.4484,2,True,True,True,True
DAX,GJR-skewt,0.95,2765,134,138.2,4.846,5.0,0.7094,0.0881,0.2178,0.0501,11,True,True,True,True
DAX,RealGARCH,0.99,2765,51,27.7,1.844,1.0,0.0001,0.3314,0.0002,0.0001,2,False,True,False,False
DAX,RealGARCH,0.975,2765,117,69.1,4.231,2.5,0.0,0.0353,0.0,0.0,10,False,False,False,False
DAX,RealGARCH,0.95,2765,198,138.2,7.161,5.0,0.0,0.0191,0.0,0.0,23,False,False,False,False
DAX,QR-Full,0.99,2474,27,24.7,1.091,1.0,0.6527,0.4401,0.6708,0.0,0,True,True,True,False
DAX,QR-Full,0.975,2474,58,61.9,2.344,2.5,0.6164,0.2112,0.4037,0.0216,3,True,True,True,False
DAX,QR-Full,0.95,2474,125,123.7,5.053,5.0,0.9047,0.8931,0.9839,0.0823,6,True,True,True,True
DAX,QR-Range,0.99,2765,29,27.7,1.049,1.0,0.798,0.4329,0.7116,0.0866,0,True,True,True,True
DAX,QR-Range,0.975,2765,69,69.1,2.495,2.5,0.9878,0.8324,0.9777,0.1448,2,True,True,True,True
DAX,QR-Range,0.95,2765,127,138.2,4.593,5.0,0.3199,0.4007,0.4283,0.0336,4,True,True,True,False
NKY,GARCH-EVT,0.99,3057,38,30.6,1.243,1.0,0.1932,0.0918,0.1035,0.1065,2,True,True,True,True
NKY,GARCH-EVT,0.975,3057,85,76.4,2.781,2.5,0.329,0.317,0.3764,0.6651,4,True,True,True,True
NKY,GARCH-EVT,0.95,3057,140,152.8,4.58,5.0,0.2797,0.3104,0.3333,0.2031,9,True,True,True,True
NKY,GJR-skewt,0.99,3057,38,30.6,1.243,1.0,0.1932,0.0918,0.1035,0.107,2,True,True,True,True
NKY,GJR-skewt,0.975,3057,85,76.4,2.781,2.5,0.329,0.317,0.3764,0.6665,4,True,True,True,True
NKY,GJR-skewt,0.95,3057,152,152.8,4.972,5.0,0.9437,0.3713,0.6689,0.1333,10,True,True,True,True
NKY,RealGARCH,0.99,3057,58,30.6,1.897,1.0,0.0,0.4315,0.0,0.0,2,False,True,False,False
NKY,RealGARCH,0.975,3057,129,76.4,4.22,2.5,0.0,0.2827,0.0,0.0,8,False,True,False,False
NKY,RealGARCH,0.95,3057,226,152.8,7.393,5.0,0.0,0.0003,0.0,0.0,32,False,False,False,False
NKY,QR-Full,0.99,1814,26,18.1,1.433,1.0,0.0816,0.3865,0.1508,0.4101,1,True,True,True,True
NKY,QR-Full,0.975,1814,51,45.4,2.811,2.5,0.4047,0.6937,0.6539,0.7464,1,True,True,True,True
NKY,QR-Full,0.95,1814,96,90.7,5.292,5.0,0.5715,0.0147,0.0433,0.0393,11,True,False,False,False
NKY,QR-Range,0.99,2948,35,29.5,1.187,1.0,0.321,0.4359,0.4511,0.4295,1,True,True,True,True
NKY,QR-Range,0.975,2948,79,73.7,2.68,2.5,0.5365,0.5566,0.695,0.3022,3,True,True,True,True
NKY,QR-Range,0.95,2948,185,147.4,6.275,5.0,0.0022,0.1908,0.0039,0.0003,16,False,True,False,False
HSI,GARCH-EVT,0.99,3169,22,31.7,0.694,1.0,0.0671,0.5791,0.1605,0.7201,0,True,True,True,True
HSI,GARCH-EVT,0.975,3169,73,79.2,2.304,2.5,0.473,0.3468,0.4966,0.6101,3,True,True,True,True
HSI,GARCH-EVT,0.95,3169,148,158.5,4.67,5.0,0.3893,0.6719,0.6311,0.2127,8,True,True,True,True
HSI,GJR-skewt,0.99,3169,24,31.7,0.757,1.0,0.1515,0.545,0.2976,0.8567,0,True,True,True,True
HSI,GJR-skewt,0.975,3169,73,79.2,2.304,2.5,0.473,0.3468,0.4966,0.6039,3,True,True,True,True
HSI,GJR-skewt,0.95,3169,162,158.5,5.112,5.0,0.7731,0.7957,0.9277,0.2391,9,True,True,True,True
HSI,RealGARCH,0.99,3169,36,31.7,1.136,1.0,0.4514,0.0688,0.1438,0.0095,2,True,True,True,False
HSI,RealGARCH,0.975,3169,90,79.2,2.84,2.5,0.23,0.1615,0.1826,0.1437,5,True,True,True,True
HSI,RealGARCH,0.95,3169,195,158.5,6.153,5.0,0.004,0.7548,0.0151,0.0872,11,False,True,False,True
HSI,QR-Full,0.99,2615,46,26.2,1.759,1.0,0.0004,0.1992,0.0009,0.0002,0,False,True,False,False
HSI,QR-Full,0.975,2615,88,65.4,3.365,2.5,0.0071,0.54,0.022,0.0001,2,False,True,False,False
HSI,QR-Full,0.95,2615,174,130.8,6.654,5.0,0.0002,0.1229,0.0003,0.0002,7,False,True,False,False
HSI,QR-Range,0.99,2939,50,29.4,1.701,1.0,0.0005,0.8728,0.0024,0.0045,1,False,True,False,False
HSI,QR-Range,0.975,2939,125,73.5,4.253,2.5,0.0,0.5337,0.0,0.0,4,False,True,False,False
HSI,QR-Range,0.95,2939,217,147.0,7.383,5.0,0.0,0.2586,0.0,0.0,12,False,True,False,False
